{"background_color":"#ffffff","description":"ライバー集まれ！コミサポライブであなたをサポートします♪","dir":"auto","display":"standalone","name":"コミサポライブ","orientation":"any","scope":"https://www.comisapolive.com","short_name":"コミサポライブ","start_url":"/?utm_source=android&utm_medium=appstore&utm_campaign=pwa","theme_color":"#ffffff","categories":["lifestyle","social"],"screenshots":[{"src":"pwaimages/ss/ss1.png"}],"icons":[{"src":"pwaimages/android/android-launchericon-512-512.png","sizes":"512x512","purpose":"any"},{"src":"pwaimages/android/android-launchericon-192-192.png","sizes":"192x192"},{"src":"pwaimages/android/android-launchericon-144-144.png","sizes":"144x144"},{"src":"pwaimages/android/android-launchericon-96-96.png","sizes":"96x96"},{"src":"pwaimages/android/android-launchericon-72-72.png","sizes":"72x72"},{"src":"pwaimages/android/android-launchericon-48-48.png","sizes":"48x48"}],"shortcuts":[],"lang":"ja"}